Science;Astronomy;Astronomy;Asteroid belt
;;;Asteroids
;;;Astrobiology
;;;Astrometry
;;;Astronauts
;;;Atmospheres
;;;Aurora
;;;Big Bang
;;;Binary stars
;;;Black holes
;;;Brown dwarfs
;;;Comets and meteors
;;;Constellations
;;;Coordinates
;;;Cosmic background radiation
;;;Cosmic rays
;;;Cosmology
;;;Crater
;;;Dark energy
;;;Dark matter
;;;Density waves
;;;Dust
;;;Earth
;;;Eclipses
;;;Einstein ring
;;;Elliptical galaxy
;;;Escape velocity
;;;Extrasolar planets
;;;Extraterrestrial life
;;;Formation
;;;Galactic wind
;;;Galaxies and Dwarf galaxies
;;;Galaxy clusters
;;;Gamma ray bursts
;;;Gas
;;;Giants
;;;Globular clusters
;;;Gravitational lenses
;;;Halos
;;;Hertzsprung-Russell diagram
;;;HII region
;;;Hubble expansion
;;;Inflation
;;;Intergalactic medium
;;;Interstellar medium
;;;Irregular galaxy
;;;Jets
;;;Kuiper belt objects
;;;Light curve
;;;Lunar eclipse
;;;Main sequence
;;;Mass loss
;;;Meteor
;;;Meteorite
;;;Microlensing effect
;;;Milky Way
;;;Moon
;;;Near-earth objects
;;;Nebula
;;;Neutron stars
;;;Nucleosynthesis
;;;Open clusters
;;;Orbit
;;;Origin and evolution of the universe
;;;Phases
;;;Phases of the Moon
;;;Planetary nebula
;;;Planets
;;;Pulsars
;;;Quasars
;;;Redshift
;;;Rockets
;;;Rotation curve
;;;Satellites: natural satellites
;;;Satellites: artificial satellites
;;;Seasons
;;;Solar activity
;;;Solar eclipse
;;;Solar system
;;;Solar-terrestrial relations
;;;Space flight
;;;Space ships
;;;Space stations
;;;Spiral galaxy
;;;Star chart
;;;Stars
;;;Sun
;;;Sunspots
;;;Supernova
;;;Supernova remnants
;;;Theory of relativity
;;;Tides
;;;Universe ? generally
;;;Variable stars
;;;Zodiac
;;;Zodiacal light
;Biology;Ecology;Biomass
;;;Biosphere
;;;Carbon and nitrogen cycles
;;;Energy and ecosystems
;;;Food as fuel
;;;Food chains and webs
;;;Organic Agriculture
;;;Organic Biology
;;Botany;Plants
;;;Flowering plants/parts of plants
;;;Flower
;;;Fruit
;;;Gardening
;;;Leaf
;;;Life cycle
;;;Parasite
;;;Photosynthesis
;;;Plant nutrition and growth
;;;Seeds
;;;Transport and water in plants
;;;Tree
;;Anatomy;Brain
;;;Blood
;;;Blood vessels
;;;Cardiovascular
;;;Circulatory System
;;;Digestive System
;;;Endocrine System
;;;Heart
;;;Integumentary System
;;;Liver
;;;Muscles
;;;Nerve
;;;Nervous system 
;;;Organs
;;;Pancreas
;;;Skeleton and muscles
;;;Stomach
;;;Reproductive system
;;;Teeth
;;;Tongue
;;Humans and animals;Animal
;;;Amphibian
;;;Arachnid
;;;Bird
;;;Breeding
;;;Domestic animal
;;;Endangered species 
;;;Fish 
;;;Fishery
;;;Food chain
;;;Genetic engineering
;;;Genetics
;;;Genome
;;;Human health: smoking
;;;Human health: teeth
;;;Insulin
;;;Insect
;;;Invertebrate
;;;Mammal
;;;Menstrual cycle
;;;Microbiology 
;;;Micro-organism 
;;;Nutrition and digestion - generally
;;;Puberty/adolescence
;;;Reproduction
;;;Reptile
;;;Senses
;;;Stimulus and response
;;;Stomach acid and bile
;;;Transport of reactants/products
;;;Vertebrate
;;;wild animal 
;;Life processes;Biotechnology
;;;Cell processes - generally
;;;Cell structure
;;;Cell types - generally
;;;Cell types ? other
;;;Chromosomes
;;;Epithelial
;;;Fertilisation
;;;Luminescent
;;;Meiosis
;;;Mitosis
;;;Ova
;;;Root hair
;;;Sperm
;;;Toxin
;;;Tissues
;;Variation, inheritance and evolution;Asexual reproduction
;;;Classification/keys
;;;Cloning, selective breeding and genetic engineering
;;;Darwin
;;;Dinosaur
;;;DNA
;;;Environmental causes of variation
;;;Evolution - generally
;;;Extinction
;;;Fossil record
;;;Genetic causes of variation and mutation
;;;Inheritance - generally
;;;Inherited diseases
;;;Monohybrid inheritance
;;;Sex determination
;;;Taxonomy
;;;Variation ? generally
;Chemistry;Physical chemistry;Chemical Thermodynamics
;;;Chemical Kinetics
;;;Quantum Chemistry
;;;Statistical mechanics
;;;Electrochemistry
;;;Solid State Chemistry
;;; Material Science
;;;Plastics/polymers
;; Analytical Chemistry;Atomic structure
;;;Atomic Absorption Spectroscopy
;;;Atoms ? generally
;;;Bonding ? generally
;;;Chromatography
;;;Covalent bonds
;;;Electrons ? generally
;;;Ionic bonds
;;;Molecules ? generally
;;;Nucleus: protons, neutrons
;;;Other types of bonding
;;;Role of electrons in reactions
;;Chemical Reactions;Burning
;;;Chemical changes
;;;Physical changes
;;;Solubility
;;;Water cycle
;;;States of matter
;;;Acids, alkalis and bases
;;;Conservation of mass
;;;Displacement reactions
;;;Enzymes
;;;Equations and formulae
;;;Exo/endothermic
;;;Oxidation and reaction
;;;Patterns in reactions
;;;Reaction rates
;;;Reactions with metals
;;;Reactivity series
;;;Reversible reactions
;;;Thermal decomposition
;;Inorganic chemistry ;Alkali metals
;;;Catalysts
;;;Compounds - generally
;;;Distillation
;;;Extraction of metal from ore
;;;Elements
;;;Electrolysis
;;;Filtration
;;;Halogens
;;;Mixtures
;;;Minerals
;;;Metals ? generally
;;;Metal complexes
;;;Useful substances from rocks & minerals
;;;Periodic table
;;;Separation - generally
;;;Separation - other
;;;Transition metals
;;Organic chemistry;Aliphatic Compounds
;;;Aromatic Compounds
;;;Carbon
;;;Fossil resources - generally
;;;Fossil fuels
;;;Heterocyclic Compounds
;;;Hydrocarbons
;;;Organic Polymers
;;;Organic Reaction
;Environmental Education;Climate ;Climatic phenomenon 
;;;Meteorology 
;;Energy ;Electrical energy 
;;;Electricity 
;;;Hydroelectric power plant 
;;;Nuclear energy 
;;;Nuclear physics
;;;Nuclear power plant 
;;;Renewable energy 
;;;Natural resources 
;;Environment ;Geophysical environment
;;;Desert 
;;;Forest 
;;;Forestry
;;;Wood 
;;;Island 
;;;Lake 
;;;Meadow
;;;Mountain 
;;;Ocean 
;;;Sea 
;;;Plain 
;;;Sea 
;;;Ocean 
;;;Port 
;;;Volcano 
;;;Watercourse 
;;;Port 
;;;Water 
;;;Ecosystem 
;;;Biotope
;;;Environmental education 
;;;Environmental protection 
;;;Landscape
;;;Garden
;;;Natural resources
;;Environmental protection;Ecology 
;;;Education for sustainable development 
;;;Endangered species
;;;Botany 
;;;Zoology 
;;;Environmental education 
;;;National park 
;;;Pollution 
;;;Acid rain 
;;;Ecology 
;;;Greenhouse effect 
;;;Noise 
;;;Sound 
;;;Waste management 
;;;Recycling 
;;Natural resources ;Gas
;;;Oil 
;;;Water 
;;;Drinking water
;;;Watercourse
;;;Environment
;;;Mining 
;;;Renewable energy
;Geography and Earth Science;Geography;Africa
;;;Antarctica
;;;Asia
;;;Atlases
;;;Biomes
;;;Changes in distribution of economic activity & their impact
;;;Cape
;;;Classifications of economic activity
;;;Climate
;;;Climatic influences on ecosystems
;;;Coasts
;;;Conflicting demands on environments
;;;Deposition
;;;Development & quality of life
;;;Differences in development between countries
;;;Differences in development within countries
;;;Dynamic Shape
;;;Earthquakes
;;;Ecosystems
;;;Effects of resource use
;;;Environmental issues
;;;Erosion
;;;European countries outside the European Union
;;;European Union
;;;Factors influencing development
;;;Geographical distribution of economic activity
;;;Geographical variations in weather & climate
;;;Geomorphological processes - general information
;;;GIS
;;;Global distribution of tectonic activity
;;;Global scale
;;;Globes
;;;Goods & services
;;;Hazards/geomorphological
;;;Hazards & human responses
;;;Human influences on ecosystems
;;;Human patterns
;;;Human processes
;;;Internal Structure
;;;International scale
;;;Land use
;;;Landforms
;;;Less economically developed countries
;;;Local scale
;;;Location of settlements
;;;Maps & plans
;;;Migration
;;;More economically developed countries
;;;Mountain
;;;National scale
;;;Natural population change
;;;North America
;;;Oceania
;;;Other geomorphological processes
;;;Other influences on ecosystems
;;;Patterns in general
;;;Physical patterns
;;;Physical processes
;;;Planning & management of resources
;;;Population & resources
;;;Population change
;;;Population distribution
;;;Processes in general
;;;Projection
;;;Regional scale
;;;Rivers
;;;Rock types
;;;Rural settlements
;;;Satellite images
;;;Settlements: change
;;;Settlements: size/character/function
;;;Soil influences on ecosystems
;;;Sources of resources
;;;South & Central America
;;;Space-Time Information
;;;Spatial information
;;;Spatial properties
;;;Spatial interactions
;;;Spatial interpolation
;;;Spatial transformations
;;;Supply of resources
;;;Surface
;;;Tectonic hazards & human responses
;;;Tectonic processes
;;;Topical geographical issues
;;;Types of economic activity
;;;Urban settlements
;;;Volcanoes
;;;Water
;;;Water cycle
;;;Water, landscapes & people - general information
;;;Weather
;;;Weathering
;;Earth science;acid rain 
;;;air 
;;;atmospheric phenomenon 
;;;cartography
;;;Catastrophe 
;;;climate
;;;Climate
;;;Climatic phenomenon 
;;;exploration of the earth 
;;;Explorer
;;;fossil 
;;;geological phenomenon 
;;;Geological phenomenon 
;;;geology 
;;;geomorphologic phenomenon 
;;;Geomorphologic phenomenon 
;;;Greenhouse effect 
;;; Mass
;;;Meteorology 
;;;Mineral 
;;;Mineralogy 
;;;Natural phenomenon 
;;;Palaeontology 
;;;Reference Frame
;;;regional geography 
;;;regional language 
;;;seismology
;;;social geography 
;;;Spatial heterogeneity
;;;stratum
;Physics;Electricity and magnetism;AC/DC
;;;Ampere's law
;;;Charge
;;;Circuits - generally
;;;Components in circuits: batteries, etc
;;;Coulomb law
;;;Domestic appliances
;;;Electric charge - generally
;;;Electric current
;;;Electric motors
;;;Electrical heating and costs
;;;Electrical quantities - generally
;;;Electrical resistance/conductivity
;;;Electricity generation/National Grid
;;;Electromagnetism - generally
;;;Electrostatic forces
;;;Electrostatic phenomena and uses
;;;Generators and transformers
;;;Magnetic materials
;;;Magnetism - generally
;;;Mains electricity - generally
;;;Mains electricity safety
;;;Maxwell's equations
;;;Parallel circuits
;;;Series circuits
;;;Voltage
;;Energy;Conduction, convection and evaporation
;;;Conservation and dissipation
;;;Energy - using electricity
;;;Energy resources
;;;Energy transfer and storage
;;;Internal Energy
;;;Kinetic energy
;;;Potential energy
;;;Radiation
;;;Radiation transfer
;;;Temperature and heat
;;;Thermodynamics
;;;Work and power
;;Fields;Central field
;;;Conservative force field
;;;Electric field
;;;Electromagnetic field
;;;Gravitational field
;;;Magnetic field
;;;Potential
;;Forces and motion;Acceleration
;;;Air resistance
;;;Atmospheric Pressure
;;;Angular acceleration
;;;Angular velocity
;;;Centre of mass
;;;Circular motion
;;;Collision
;;;Combining forces
;;;Conservation of momentum
;;;Elastic collision
;;;Electric force
;;;Escape velocity
;;;Foucault pendulum
;;;Friction
;;;Gravitational force and gravity
;;;Horizontal throw
;;;Impulse
;;;Inelastic collision
;;;Inertia
;;;Kepler's laws
;;;Lorentz force
;;;Machines
;;;Magnetic force
;;;Mass
;;;Moment of inertia
;;;Moments
;;;Newton's laws
;;;Nuclear force
;;;Oscillations
;;;Pendulum
;;;Period
;;;Phase
;;;Pressure
;;;Rectilinear motion
;;;Rigid body
;;;Rotation
;;;Universal law of gravitation
;;;Velocity
;;;Vertical throw
;;;Weight
;;Light;Colour
;;;Light sources
;;;Properties of light - generally
;;;Reflection
;;;Refraction
;;;Refraction index
;;;Vision
;;Obtaining and using materials;Electrolysis
;;;Extraction of metal from ore
;;;Fossil fuels
;;;Fossil resources - generally
;;;Hydrocarbons
;;;Metals - generally
;;;Nitrogenous fertilizers
;;;Plastics/polymers
;;;Useful substances from rocks and minerals
;;Radioactivity;Alpha radiation
;;;Background radiation
;;;Beta radiation
;;;Gamma radiation
;;;Half-life
;;;Nuclear decay
;;;Nuclear fission
;;;Nuclear fusion
;;;Uses of radioactivity, including radioactive dating
;;Solids, liquids and gases; Adiabatic
;;;Changes of state
;;;Density
;;; Entropy
;;; Isovolumetric 
;;; Isothermal
;;; Laws of Thermodynamics
;;;Gas pressure and diffusion
;;;Grouping materials
;;;Melting/boiling points
;;;Particle theory
;;;Properties of materials
;;; Thermodynamic Cycle
;;Sound;Audible ranges
;;;Hearing - generally
;;;Hearing: noise
;;;Loudness
;;;Pitch
;;;Properties of sound - generally
;;;Sound sources
;;;Speed in media
;;;The ear
;;;Ultrasound
;;Tools for science;Accelerometers
;;; Accelerators
;;; Analysis Tools
;;;Detectors
;;;Detectors: CCD camera
;;;Dynamometers
;;;Fieldwork equipment
;;;Laboratory equipment ? generally
;;;Laboratory glassware
;;;Laboratory measuring instruments, including sensors and meters
;;;Microscope
;;;Observatories
;;; Online Laboratories
;;; Remote Laboratories
;;;Sensors
;;;Thermometers
;;Useful materials and products;Everyday materials
;;Waves;Diffraction
;;;Doppler effect
;;;Electromagnetic spectrum
;;;Gamma rays
;;;Information transmission, analogue and digital signals
;;;Infrared
;;;Longitudinal waves
;;;Microwaves
;;;Optics
;;;Radio waves
;;;Reflection
;;;Refraction
;;;Seismic waves
;;;Transverse waves
;;;Ultraviolet
;;;Visible light
;;;Wave amplitude
;;;Wave characteristics - generally
;;;Wave frequency
;;;Wave speed
;;;Wavelength
;;;X-rays
;;Technological applications;Horology
;;;Industrial devices
;;;Lifecycle of products
;;;Energy production and energy resources research
;;;Musical instruments
;;;Nanotechnology
;;;Photography and cinematography
;;;Robotics
;;;Sound techniques
;;;Telecommunications
;;;Transport (air, water and ground)
;;;Writing ad press
;;;Metal processing
;;;Paper production
;;;Textiles
;;;Pharmaceutics
;;;Mining
;;;Nautical tools
;;;Glass production
;;;Ceramics production
;;;Wood production
;;History of Science and Technology;Scientists and inventors
;;;First scientific revolution
;;;Second scientific revolution
;;;Science: historical and contemporary examples
;;High Energy Physics;Accelerators & beams 
;;;Antimatter 
;;;Calorimeters 
;;;Charged particle acceleration 
;;;Coupled Motion dynamics 
;;;Dark matter 
;;;Free electron lasers
;;;Grand unification 
;;;Higgs particle 
;;;Invariant mass 
;;;Leptons 
;;;Particle beam parameters 
;;;Particle cosmology 
;;;Particle detectors 
;;;Particle dynamics 
;;;Particle interactions with matter 
;;;Physical constants 
;;;QCD, jets & gluons 
;;;Quarks & hadrons 
;;;Space-time symmetries 
;;;Standard model 
;;;Supersymmetry 
;;;Synchrontron radiation 
;;;Weak interactions: electroweak 
;;;Unification 
;;;Weak interactions: quarks & leptons
