Music;Music as a performance art;Appraising, responding & reviewing;Internalising sounds;
;;;Recalling music: aural memory;
;;;Analysing music;
;;Context;Live performance;
;;;Recorded performance;
;;;Concert Hall;
;;;Arena;
;;;Music Stage;
;;;Ceremony;
;;;Church;
;;;School;
;;;Music School;
;;;Conservatory of Music;
;;;Chamber Music Hall;
;;;Street music;
;;;Theatre;
;;;Auditorium;
;;;Music Stage;
;;;Ceremony;
;;;Church;
;;Music genres;Traditional Music;
;;;Ballet Music;
;;;Classical Music;
;;;Jazz Music;
;;;Pop ? Rock Music;
;;;Chamber Music;
;;;Electronic Music;
;;;Vocal Music;
;;;Symphonic Music;
;;;16th c. Music;
;;;17th c. Music;
;;;18th c. Music;
;;;19th c. Music;
;;;20th c. Music (contemporary);
;;General styles & traditions;Music from Europe;
;;;Music from Africa;
;;;Music from the Americas;
;;;Music from Asia;
;;;Music from Australasia;
;;;Music from other places/cultures;
;;;Music from other traditions;
;;;Music of the past;
;;;Music of the present;
;;;Musical stimuli;
;;;Non-musical stimuli;
;;;Range of activities;
;;Performing/controlling sounds;Controlling sounds;
;;;Using the voice;
;;;Singing, including diction, sounds & techniques;
;;;Playing instruments: sounds & techniques;
;;;Practising;
;;;Rehearsing;
;;;Performing with others;
;;Composing, creating & developing;Creating & developing ideas;
;;;Improvising;
;;;Reflective composing;
;;;Arranging/accompaniments;
;;;Responding & reviewing;
;;Music and Media;Film music;
;;;Theatre Music;
;;;Background Music;
;Musical instruments / Human voice;Strings;Banjo;
;;;Cello;
;;;Double Bass;
;;;Guitar;
;;;Harp;
;;;Lute;
;;;Mandolin;
;;;Ukulele;
;;;Viola;
;;;Violin;
;;;Electric Bass;
;;;Electric guitar;
;;;Zither;
;;Keyboards;Clavichord;
;;;Harpsichord;
;;;Piano;
;;;Synthesizer / Electric Piano;
;;;Organ;
;;;Fortepiano / Pianoforte;
;;Winds;Recorder;
;;;Saxophone;
;;;Trombone;
;;;Trumpet;
;;;Tuba;
;;;Bagpipes;
;;;Bassoon;
;;;Clarinet;
;;;Contrabassoon;
;;;Cornet;
;;;Flute;
;;;Harmonica;
;;;Oboe;
;;;French Horn;
;;;English Horn;
;;Percussions;Bass Drum;
;;;Bell;
;;;Castanet;
;;;Cymbal;
;;;Glockenspiel;
;;;Gong;
;;;Maracas;
;;;Metallophone;
;;;Snare Drum;
;;;Tambourine;
;;;Timpani;
;;;Triangle;
;;;Xylophone;
;;Human;Soprano;
;;;Alto;
;;;Tenoro;
;;;Basso;
;Music Education;Music History;Ancient / Roman era;Aristoxenos
;;;;Pythagoras
;;;;Pronomos
;;;Byzantine era;Saint Romanos the Melodist
;;;;Byzantine Hymnography
;;;Medieval/Middle Ages;Gregorian chant
;;;;Troubadours and trouv?res
;;;;Ars antique
;;;;Ars Nova
;;;The Renaissance;Polyphony
;;;;Madrigal
;;;;Palestrina
;;;;Lassus
;;;;Byrd
;;;;Leontaritis
;;;;Motet
;;;Baroque Period; Bach
;;;; Handel
;;;; Vivaldi
;;;;Telemann
;;;;Lully
;;;;Corelli
;;;;Couperin
;;;;Claudio Monteverdi
;;;;Rameau
;;;;Purcell
;;;;Four Seasons
;;;;Concerto
;;;;Oratorio
;;;;Tonality
;;;Classical Period;Stamitz
;;;;Haydn
;;;;Johann Christian Bach
;;;; Salieri
;;;;Clementi
;;;; Mozart
;;;;Boccherini
;;;Romantic Period;Beethoven
;;;;Hummel
;;;;Reicha
;;;;Paganini
;;;;Rossini 
;;;;Donizetti
;;;;Schubert
;;;;Mendelssohn
;;;;Schumann
;;;;Liszt
;;;;Verdi
;;;;Wagner
;;;;Bruckner
;;;;Strauss
;;;;Borodin
;;;;Saint Saens
;;;;Bizet
;;;;Mussorgsky
;;;;Tchaikovsky
;;;;Grieg
;;;;Dvo??k
;;;;Korsakov
;;;;Koehler
;;;;Elgar
;;;;Puccini
;;;;Mahler
;;;;Debussy
;;;;Sibelius
;;;;Scriabin
;;;;Rachmaninoff
;;;;Schoenberg
;;;;Ravel
;;;;Symphonic Poem
;;;;String Quartet
;;;;Early Romantic era
;;;;Middle Romantic era
;;;;Late Romantic era
;;;Contemporary;Kalomiris
;;;;Holst
;;;;Skalkotas
;;;;Mitropoulos
;;;;Callas
;;;;Serialism
;;;;Modernism
;;;;Xenakis
;;Notation / Music Theory / Harmony/Musical Morphology;A;
;;;B;
;;;Bar  ;
;;;Beat ;
;;;C;
;;;Cadence;
;;;Chamber Music ;
;;;Choir;
;;;Chord;
;;;Chromatic Scale;
;;;Circle of Fifths;
;;;Clef ;
;;;Concerto;
;;;Contrapunto;
;;;Crotchet;
;;;Crotchet rest;
;;;D;
;;;Demisemiquaver;
;;;Demisemiquaver rest;
;;;Diminished and Augmented Triads;
;;;Dissonant and Consonant Chords;
;;;Do;
;;;Dominant 7th's;
;;;Dotted Note ;
;;;Dotted Rest;
;;;Double Accidental;
;;;Duo;
;;;E;
;;;Eighth note  ;
;;;Eighth note rest;
;;;Ensemble;
;;;Expression Marks;
;;;F;
;;;Fa;
;;;Fugue;
;;;Flat;
;;;G;
;;;Harmonic Intervals;
;;;Hemidemisemiquaver ;
;;;Intervals;
;;;Invert Triads;
;;;Key Signature;
;;;La;
;;;Lyrics;
;;;Major;
;;;Major and Minor 7ths;
;;;Major chord;
;;;Major Scale;
;;;Major Triads;
;;;Melodic Intervals;
;;;Melody ;
;;;Measure;
;;;Mi;
;;;Minim note;
;;;Minim rest;
;;;Minor;
;;;Minor Scale;
;;;Minor Triads;
;;;Musicology;
;;;Mute;
;;;Natural;
;;;Nocturne;
;;;Notation ;
;;;Note;
;;;Note values;
;;;Octave;
;;;Octet ;
;;;Opera;
;;;Oratorio;
;;;Orchestra ;
;;;Orchestration ;
;;;Pentatonic Scale;
;;;Pitch ;
;;;Polka ;
;;;Prelude ;
;;;Presto ;
;;;Progression ;
;;;Quarter note;
;;;Quartet ;
;;;Quaver;
;;;Quaver rest;
;;;Re;
;;;Recital ;
;;;Relative Minor & major ;
;;;Repeat Sign;
;;;Rest;
;;;Rhapsody ;
;;;Rhythm ;
;;;Scale ;
;;;Score;
;;;Semiquaver;
;;;Sharp;
;;;Sheet Music;
;;;Si;
;;;Sixteenth note;
;;;Sixth and Ninth Chords;
;;;Sixty-fourth note  ;
;;;Sixty-fourth note rest;
;;;Sol;
;;;Song;
;;;Sonata ;
;;;Space ;
;;;Staccato ;
;;;Staff;
;;;Sus2 and sus4 Chords;
;;;Symphony ;
;;;Table of Key Signature;
;;;Tempo;
;;;Thirty-second note ;
;;;Thirty-second note rest;
;;;Ti;
;;;Tie ;
;;;Timbre ;
;;;Time Signature;
;;;Tonality ;
;;;Tonic ;
;;;Treble ;
;;;Trio ;
;;;Triplet;
;;;Tuning;
;;;Voice;
;;;Whole;
;;;Whole note ;
;;;Whole rest;
;;;Whole Tone Scale;
;;Musical features;Musical elements & devices;
;;;Pitch/melody;
;;;Structure: form;
;;;Rhythm (duration), pulse/beat;
;;;Tonality/harmony;
;;;Instruments & performers;
;;;Musical expression;
;Music and Science;Physics;Waves;
;;;Music and Physics;
;;;Pitch;
;;;Waveforms;
;;;Harmonics;
;;;Wave nodes;
;;;Acoustics;
;;;Frequency;
;;;Sound spectrum;
;;;Instrument building / making;
;;Medicine, Psychology;Psychoacoustics;
;;;Music Therapy;
;;;Music Psychology;
;;;Linguistics;Phonetics
;;;;Phonology
;;Musicology;Ethnomusicology;
;;;Sociomusicology;
;;;Music and Mathematics;
;Music and ICT;Music and ICT hardware;Dolby surround;
;;;Synthesizer;
;;;Loudspeaker;
;;;Earphones;
;;;Sequencer;
;;;Tape recording;
;;;Digital Audio Recorder;
;;;Microphone;
;;Music and ICT software;Digital sound editing;
;;;MP3;
;;;WAV;
;;;Notation Software;
;;;Music recording;
;;;Music editing;
;;;Track;
;;;Streaming ;
;;Music and ICT terms;Online performance ;
;;;Digital sound recording;
;;;Music Videoconference Loop;
;;;Music Software;
;;;Music e-learning ;
;;;M.I.D.I (Musical Instrument Digital Interface);
;;;General MIDI;
;;;Sound oscillator / Envelope;
;;;Sound recognition;
;;;Sound analysis;
;;;Computer-enhanced Music;
;;;Music analysis ;
;;;Computer Music;
;;;Sound retrieval;
