Business Studies;Business Studies;Accounting;Accounting and Financial Ratios
;;;Balance Sheets
;;;Bookkeeping
;;;Break-Even Analysis
;;;Budgets
;;;Cash Flow
;;;Corporates Restructuring
;;;Cost Management
;;;Financial Accounting
;;;Financial Statement Analysis
;;;International Accounting Standards
;;;Performance Measurement
;;;Profit and Loss Accounts
;;;Value-Based Management
;;;Working Capital
;;Business Law;Business Ethics
;;;Competition Law
;;;Corporate Structures
;;;Employment Law and Legislation
;;;Intellectual Property
;;;Taxation
;;;Trading regulations
;;;Data privacy
;;;Regulations
;;;Contracts
;;Business Economics;Competition
;;; Production
;;Decision Science;Systems Analysis
;;;Risk Management
;;;Data Interpretation
;;;Decision Making Under Uncertainty
;;;Forecasting
;;;Statistical Methods
;;;Negotiation and Auction Analysis
;;;Behavioural Decision Theory
;;Development Economics;Measures of Development
;;Economic Efficiency;Allocative Efficiency
;;;Productive Efficiency
;;;What Efficiency is
;;Economic Management;Balance of Payments
;;Entrepreneurship Education;Business Management
;;;Communications and Interpersonal Skills
;;;Creative Thinking
;;;Economics of Work and Leisure
;;;Enterprise
;;;Entrepreneurial Process
;;;Human Resource Management
;;;Innovation
;;;Inspiring Followership
;;;Marketing Management
;;;Negotiation Skills
;;;Operations Management
;;;Organizational Behaviour and Leadership
;;;Professional Development
;;;Project Management
;;;Protecting Ideas
;;;Resource Management
;;;Self-motivation Skills
;;;Sense of Initiative and Entrepreneurship
;;;Social Entrepreneurship
;;;Strategy and Corporate Social Responsibility
;;Business Finance;Banking
;;;Corporate Finance
;;;International Finance
;;;Capital Markets
;;;Commercial and Investment Banking
;;;Financial Markets and Institutions
;;;Mergers and acquisitions
;;;Sources of Funds
;;;Private Equity and Venture Capital
;;;Investment Decisions
;;Global Economics;European Union
;;;Globalisation
;;;Stability and Policy Effectiveness
;;Growing a business;Business Size
;;;Mergers and Takeovers
;;ICT in business;Business Software
;;;E-Business
;;;E-Commerce
;;;e-Government
;;;Electronic Communication
;;;IT Infrastructures
;;;IT Strategy
;;;Data and Information Management
;;;Knowledge Management
;;International Trade;Benefits and Implications of International trade
;;;Exchange Rates
;;;Free Trade
;;;Protectionism
;;Macroeconomic Policy;Fiscal Policy
;;;Inflation
;;;Monetary Policy
;;;Supply Side Policy
;;Marketing;Branding strategies
;;;B2B (Business to Business) Marketing
;;;B2C (Business to Consumer) Marketing
;;;Communication Strategies
;;;Consumer Behaviour
;;;Customer Relationship Management
;;;Distribution Channels
;;;International Marketing
;;;Market Analysis
;;;Market Failure
;;;Product Strategies/Brands
;;;Price Strategies
;;;Public Relations
;;;Retailing Strategies
;;;Sales
;;;Segmentation and Positioning
;;;Services Marketing
;;;Strategic Marketing
;;National Economy;Aggregate Demand and Aggregate Supply
;;;Circular Flow of Income and Multiplier Effect
;;Organizational Behaviour and Leadership;Change Management
;;;Coaching
;;;Conflict Resolution
;;;Delegation
;;;Leadership Styles
;;;Negotiation
;;;Organizational Innovation
;;;Teams and Groups
;;;Power and Politics
;;;Organizational Learning
;;;Social Networks
;;;Organizational Culture
;;;Organizational Evolution and Growth
;;;Collaboration
;;;Vision and Mission
;;Transport Economics;Contestability
;;;Economies of Scale
;;;Market Structure