Social Studies;Discipline;Administrative Sciences
;;Anthropology
;;Applied Social Sciences
;;Archaeology
;;Behavioural sciences
;;Economics
;;Educational Sciences
;;Ethnology
;;Futurology
;;Legal Sciences
;;Linguistics
;;Psychology
;;Social Geography
;;Sociology
;Theory,  Approach and Authorÿ;Approach
;;Causalism
;;Comparatism
;;Determinism
;;Diffusionism
;;Environmentalism
;;Ethnocentrism
;;Ethnolinguistic
;;Ethnology
;;Ethnometodology
;;Ethnoscience
;;Femminism
;;Functionalism
;;Human Ecology
;;Liberism
;;Libertarianism
;;Marxism
;;Modernism
;;Mythology
;;Post-modernism
;;Pragmatism
;;Proxemics
;;Rationalism
;;School of thought
;;Symbolism
;;Theory
;;Unionism
;Method and Methodology;Ethnography
;;Focus Group
;;Georeference
;;Interview
;;Method
;;Methodology
;;Observation
;;Participant Observation
;;Qualitative research
;;Quantitative research
;;Questionnaire
;;Survey
;;Video-recording
;;Visual research
;Culture and Cultural Theoryÿ;Acculturation
;;Assimilation
;;Authenticity
;;Autochthony
;;Colonialism
;;Counterculture
;;Cultural Model
;;Cultural Theory
;;Culture
;;Decolonization
;;Degeneration
;;Detribalization
;;Differentiation
;;Discrimination
;;Emancipation
;;Ethnicity
;;Evolution
;;Folk culture
;;Inculturation
;;Individualism
;;Integrationism
;;Literacy
;;Marginalization
;;Modernization
;;Multiculturalism
;;Nationalism
;;Naturalism
;;Orality
;;Prejudice
;;Primitive
;;Racism
;;Relativism
;;Symbolism
;;Syncretism 
;;Tribalism
;;Universalism
;;Urbanism
;;Xenophobia
;Nature and environment;Agressiveness
;;Animal
;;Animality
;;Behaviour
;;Biodiversity
;;City
;;Countryside
;;Energy
;;Environment 
;;Evolution
;;Global Warming
;;Instinct
;;Landscape
;;Nature
;;Pollution
;;Resources
;;Urban space
;;Wild (-ness)
;Body and body-experiencesÿ;Affect
;;Adultness
;;Age
;;Birth
;;Body
;;Body-practice
;;Castration
;;Corpse
;;Death
;;Ego
;;Emotion
;;Female
;;Fertility
;;Handicap
;;Health
;;Identity
;;Individual
;;Life
;;Male
;;Man
;;Middle-age
;;Mutilation
;;Name
;;Old-age
;;Organ
;;Psyche
;;Scar
;;Sexuality
;;Trauma
;;Woman
;;Youth
;Political life and organizationÿ;Action
;;Activism
;;Activist
;;Army
;;Assistance
;;Association
;;Bio-power
;;Bourgeoisie
;;Charisma
;;Class
;;Community
;;Confidence
;;Conflict
;;Corporation
;;Crime
;;Decision-making
;;Democracy
;;Devolution
;;Discrimination
;;Dispute
;;Divorce
;;Doctrine
;;Elite
;;Firm
;;Gangs
;;Government
;;Honour
;;Institution
;;Judge
;;Juridical System
;;Jurisprudence
;;Law
;;Law
;;Leadership
;;Legislation
;;Membership
;;Militia
;;Mobbing
;;Monarchy
;;Movement
;;Nobility
;;Opinion
;;Order
;;Organization
;;Patronage
;;Planning
;;Police
;;Policy
;;Politics
;;Power
;;Prestige
;;Prison
;;Proletariat
;;Propaganda
;;Public opinion
;;Republic 
;;Revolution
;;Seniority
;;Shame
;;Slavery
;;Social mobility
;;Social Norm
;;State
;;Struggle
;;Trade Union
;;Violence
;;War
;;Worker
;Economyÿ;Action
;;Advertising
;;Agriculture
;;Alienation
;;Altruism
;;Artisanship
;;Assistance
;;Association
;;Basis
;;Beneficence
;;Brand
;;Central Administration
;;Choice
;;Commodity
;;Consumption
;;Corporation
;;Craft
;;Craftsman
;;Craftsmanship
;;Criminality 
;;Crisis
;;Cycle of production
;;Decision
;;Economy
;;Egoism
;;Entrepreneur
;;Fashion
;;Fast-food
;;Finance
;;Food
;;Foranging
;;Gift
;;Globalization
;;Governmentality
;;Heritage (Natural and Cultural)
;;Hunting
;;Industry
;;Interest
;;Internet
;;Labour
;;Loan
;;Local Administration
;;Logo
;;Luxury
;;Mass-communication
;;Material base
;;Mean of production
;;Mechanisation
;;Money
;;Philanthropy
;;Popular
;;Pornography
;;Possession
;;Prestige
;;Prostitution
;;Rationalization
;;Recession
;;Sport
;;Standard
;;Stock
;;Technics
;;Trade Union
;;Trend
;;Trust
;;Unemployment
;;Violence
;;Worker
;Religion, belief and practice;Ancestor worship
;;Cannibalism
;;Castration
;;Corpse
;;Death
;;Divorce
;;Dogma
;;Founder
;;Future
;;Hero
;;Initiation
;;Magic
;;Mourning
;;Myth
;;Possession
;;Rite
;;Rite of passage
;;Sacred
;;Scarnification
;;Secret Society
;;Soul
;;Symbol
;;Syncretism
;;Totemism
;Society and its features;Community
;;Commuting
;;Corporatism
;;Crowd
;;Emigration
;;Endogamy
;;Ethnodiversity
;;Exogamy
;;Family
;;Folklore
;;Generation
;;Group
;;Habit
;;Heritage
;;Immigration
;;Incest
;;Integration
;;Kinship
;;Levirate
;;Life-style
;;Marginality
;;Marriage
;;Mass
;;Melting pot
;;Migration
;;Mobility
;;Monogamy
;;Monster
;;Nation
;;Order
;;Organization
;;People
;;Person
;;Polygamy
;;Race
;;Rationality
;;Role
;;Society
;;Stratification
;;Tradition
;;Traditional Knowledge
;;Tribe
;Medicine, health and sicknessÿ;Biomedicine
;;Body
;;Cure
;;Desease
;;Doctor
;;Ethnomedicine
;;Healing
;;Health
;;Hospital
;;Illness
;;Nursing
;;Reproduction
;;Sickness
;;Welfare state
;;Witchcraft
