Accounting and Financial Ratios;Apskaitos ir finansiniai rodikliai
Working Capital;Apyvartinis kapitalas
Balance Sheets;Balansas
Banking;Bankininkystė
Collaboration;Bendradarbiavimas
Communications and Interpersonal Skills;Bendravimo ir tarpasmeniniai įgūdžiai
Communication Strategies;Bendravimo strategijos
Budgets;Biudžetai
Bookkeeping;Buhalterinė apskaita
Economics of Work and Leisure;Darbo ir poilsio ekonomika
Employment Law and Legislation;Darbo teisė ir įstatymai
Delegation;Delegavimas
Negotiation;Derybos
Negotiation Skills;Derybų įgūdžiai
Negotiation and Auction Analysis;Derybų ir aukcionų analizė
Data privacy;Duomenų apsauga
Data Interpretation;Duomenų interpretacija
Data and Information Management;Duomenų ir informacijos valdymas
E-Commerce;E-komercija
Economic Management;Ekonomikos vadyba
Economic Efficiency;Ekonominis veiksmingumas
Electronic Communication;Elektroniniai ryšiai
Behavioural Decision Theory;Elgsenos sprendimų teorijos
European Union;Europos Sąjunga
E-Business;E-verslas
e-Government;e-Vyriausybė
Accounting;Finansinė apskaita
Financial Accounting;Finansinė apskaita
Financial Statement Analysis;Finansinės ataskaitos analizė
Financial Markets and Institutions;Finansų rinkos ir institucijos
Fiscal Policy;Fiskalinė politika
Production;Gamyba
Productive Efficiency;Gamybos produktyvumas
Global Economics;Globali ekonomika
Globalisation;Globalizacija
Cash Flow;Grynųjų pinigų srautas
Protecting Ideas;Idėjų apsauga
Inspiring Followership;Įkvepiantis sektinumą
Enterprise;Įmonė
Corporates Restructuring;Įmonės restruktūrizavimas
Corporate Finance;Įmonių finansai
Corporate Structures;Įmonių struktūros
Mergers and acquisitions;Įmonių susijungimai ir įsigijimai
Inflation;Infliacija
Sense of Initiative and Entrepreneurship;Iniciatyvumo ir verslumo jausmas
Innovation;Inovacijos
Intellectual Property;Intelektinė nuosavybė
Investment Decisions;Investiciniai sprendimai
Cost Management;Išlaidų valdymas
Allocative Efficiency;Išteklių paskirstymo veiksmingumas
IT Infrastructures;IT infrastruktūros
IT Strategy;IT strategija
Price Strategies;Kainų strategijos
Capital Markets;Kapitalo rinkos
What Efficiency is;Kas yra produktyvumas
Teams and Groups;Komandos ir grupės
Commercial and Investment Banking;Komercinė ir investicinė bankininkystė
Conflict Resolution;Konfliktų sprendimas
Competition;Konkurencija
Competition Law;Konkurencijos teisė
Contestability;Konkurencingumas
Creative Thinking;Kūrybiškas mąstymas
Free Trade;Laisvoji prekyba
Sources of Funds;Lėšų šaltiniai
Leadership Styles;Lyderiavimo stiliai
Macroeconomic Policy;Makroekonomikos politika
Marketing;Marketingas
Marketing Management;Marketingo valdymas
Economies of Scale;Masinės gamybos ekonominiai privalumai
Retailing Strategies;Mažmeninė strategija
Balance of Payments;Mokėjimų balansas
Taxation;Mokesčiai
Self-motivation Skills;Motyvacijos įgūdžiai
National Economy;Nacionalinė ekonomika
Regulations;Nuostatai
Operations Management;Operacijų valdymas
Organizational Behaviour and Leadership;Organizacinė elgsena ir lyderystė
Organizational Culture;Organizacinė kultūra
Organizational Evolution and Growth;Organizacinė raida ir augimas
Organizational Innovation;Organizacinės inovacijos
Organizational Behaviour and Leadership;Organizacinis elgesys ir lyderystė
Organizational Learning;Organizacinis mokymasis
Circular Flow of Income and Multiplier Effect;Pajamų cirkuliacijos srautas ir daugiklio efektas
Sales;Pardavimai
Services Marketing;Paslaugų prekyba
Profit and Loss Accounts;Pelno ir nuostolių ataskaitos
Break-Even Analysis;Pelno-nuostolių analizė
Monetary Policy;Pinigų politika
Distribution Channels;Platinimo kanalai
Development Economics;Plėtros ekonomika
Measures of Development;Plėtros vertinimas
Change Management;Pokyčių valdymas
Product Strategies/Brands;Prekės strategijos / Prekių ženklai
Branding strategies;Prekės ženklo strategijos
Trading regulations;Prekybos taisyklės
Private Equity and Venture Capital;Privatus ir rizikos kapitalas
Professional Development;Profesinis tobulinimas
Forecasting;Prognozavimas
Project Management;Projektų valdymas
Protectionism;Protekcionizmas
Resource Management;Resursų valdymas
Market Analysis;Rinkos analizė
Market Failure;Rinkos nepakankamumas
Market Structure;Rinkos struktūra
Risk Management;Rizikos valdymas
Public Relations;Ryšiai su visuomene
Customer Relationship Management;Ryšių su klientais valdymas
Segmentation and Positioning;Segmentavimas ir pozicionavimas
Systems Analysis;Sistemų analizė
Social Networks;Socialiniai tinklai
Social Entrepreneurship;Socialinis verslumas
Decision Making Under Uncertainty;Sprendimų priėmimas esant neapibrėžtumui
Decision Science;Sprendimų priėmimo mokslas
Stability and Policy Effectiveness;Stabilumas ir politikos veiksmingumas
Statistical Methods;Statistiniai metodai
Strategy and Corporate Social Responsibility;Strategija ir įmonių socialinė atsakomybė
Strategic Marketing;Strateginis marketingas
Mergers and Takeovers;Susijungimai ir įsigijimai
Contracts;Sutartys
International Trade;Tarptautinė prekyba
Benefits and Implications of International trade;Tarptautinės prekybos nauda ir pasekmės
International Finance;Tarptautiniai finansai
International Accounting Standards;Tarptautiniai finansinės apskaitos standartai
International Marketing;Tarptautinis marketingas
Supply Side Policy;Tiekimo valdymo politika
Transport Economics;Transporto ekonomika
Coaching;Treniravimas
Power and Politics;Valdžia ir politika
Exchange Rates;Valiutų kursai
Consumer Behaviour;Vartotojų elgsena
Performance Measurement;Veiklos vertinimas
ICT in business;Verslas ir kompiuterinės technologijos
B2C (Business to Consumer) Marketing;Verslas-vartotojui rinkodara
B2B (Business to Business) Marketing;Verslas-verslui rinkodara
Growing a business;Verslo augimas
Business Size;Verslo dydis
Business Economics;Verslo ekonomika
Business Ethics;Verslo etika
Business Finance;Verslo finansai
Entrepreneurial Process;Verslo procesas
Business Software;Verslo programinė įranga
Business Studies;Verslo studijos
Business Law;Verslo teisė
Business Management;Verslo vadyba
Entrepreneurship Education;Verslumo mokymas
Value-Based Management;Verte grindžiamas valdymas
Aggregate Demand and Aggregate Supply;Visuminė paklausa ir Visuminė pasiūla
Vision and Mission;Vizija ir misija
Knowledge Management;Žinių valdymas
Human Resource Management;Žmogiškųjų išteklių valdymas

